-- phpMyAdmin SQL Dump
-- version 4.6.5.2
-- https://www.phpmyadmin.net/
--
-- Servidor: 127.0.0.1
-- Tiempo de generación: 06-07-2017 a las 00:56:27
-- Versión del servidor: 10.1.21-MariaDB
-- Versión de PHP: 5.6.30

SET SQL_MODE = "NO_AUTO_VALUE_ON_ZERO";
SET time_zone = "+00:00";


/*!40101 SET @OLD_CHARACTER_SET_CLIENT=@@CHARACTER_SET_CLIENT */;
/*!40101 SET @OLD_CHARACTER_SET_RESULTS=@@CHARACTER_SET_RESULTS */;
/*!40101 SET @OLD_COLLATION_CONNECTION=@@COLLATION_CONNECTION */;
/*!40101 SET NAMES utf8mb4 */;

--
-- Base de datos: `cursosql`
--
CREATE DATABASE IF NOT EXISTS `cursosql` DEFAULT CHARACTER SET latin1 COLLATE latin1_swedish_ci;
USE `cursosql`;

-- --------------------------------------------------------

--
-- Estructura de tabla para la tabla `clientes`
--

DROP TABLE IF EXISTS `clientes`;
CREATE TABLE `clientes` (
  `codigoCliente` varchar(13) NOT NULL,
  `empresa` varchar(24) DEFAULT NULL,
  `direccion` varchar(19) DEFAULT NULL,
  `poblacion` varchar(9) DEFAULT NULL,
  `telefono` varchar(9) DEFAULT NULL,
  `responsable` varchar(17) DEFAULT NULL,
  `historial` varchar(9) DEFAULT NULL
) ENGINE=InnoDB DEFAULT CHARSET=utf8;

--
-- Volcado de datos para la tabla `clientes`
--

INSERT INTO `clientes` (`codigoCliente`, `empresa`, `direccion`, `poblacion`, `telefono`, `responsable`, `historial`) VALUES
('CT01', 'BELTRÁN E HIJOS', 'LAS FUENTES 78', 'MADRID', '914456435', 'ANGEL MARTÍNEZ', NULL),
('CT02', 'LA MODERNA', 'LA PALOMA 123', 'OVIEDO', '985323434', 'JUAN GARCÍA', NULL),
('CT03', 'EL ESPAÑOLITO', 'MOTORES 34', 'BARCELONA', '934565343', 'ANA FERNÁNDEZ', NULL),
('CT04', 'EXPORTASA', 'VALLECAS 34', 'MADRID', '913452378', 'ELVIRA GÓMEZ', NULL),
('CT06', 'CONFECCIONES AMPARO', 'LOS MOROS 23', 'GIJÓN', '985754332', 'LUÍS ÁLVAREZ', NULL),
('CT07', 'LA CASA DEL JUGUETE', 'AMÉRICA 45', 'MADRID', '912649987', 'ELÍAS PÉREZ', NULL),
('CT08', 'JUGUETERÍA SUÁREZ', 'PARIS 123', 'BARCELONA', '933457866', 'JUAN GARCÍA', NULL),
('CT09', 'ALMACÉN POPULAR', 'LAS FUENTES 124', 'BILBAO', '942347127', 'JOSÉ ÁLVAREZ', NULL),
('CT10', 'FERETERÍA EL CLAVO', 'PASEO DE ÁLAMOS 78', 'MADRID', '914354866', 'MANUEL MENÉNDEZ', NULL),
('CT11', 'JUGUETES MARTÍNEZ', 'VIA LAYETANA 245', 'BARCELONA', '936628554', 'FRANCISCO CUEVAS', NULL),
('CT12', 'FERNÁNDEZ SL', 'PASEO DEL MAR 45', 'SANTANDER', '942049586', 'ELISA COLLADO', NULL),
('CT13', 'CONFECCIONES ARTÍMEZ', 'GENERAL PERÓN 45', 'A CORUÑA', '981345239', 'ESTEBAN PASCUAL', NULL),
('CT14', 'DEPORTES GARCÍA', 'GUZMÁN EL BUENO 45', 'MADRID', '913299475', 'ANA JIMÉNEZ', NULL),
('CT15', 'EXCLUSIVAS FERNÁNDEZ', 'LLOBREGAT 250', 'BARCELONA', '939558365', 'LUISA FERNÁNDEZ', NULL),
('CT16', 'DEPORTES MORÁN', 'AUTONOMÍA 45', 'LUGO', '982986944', 'JOSÉ MANZANO', NULL),
('CT17', 'BAZAR FRANCISCO', 'CARMEN 45', 'ZAMORA', '980495288', 'CARLOS BELTRÁN', NULL),
('CT18', 'JUGUETES LA SONRISA', 'LA BAÑEZA 67', 'LEÓN', '987945368', 'FAUSTINO PÉREZ', NULL),
('CT19', 'CONFECCIONES GALÁN', 'FUENCARRAL 78', 'MADRID', '913859234', 'JUAN GARCÍA', NULL),
('CT20', 'LA CURTIDORA', 'OLIVARES 3', 'MÁLAGA', '953756259', 'MARÍA GÓMEZ', NULL),
('CT21', 'LÍNEA JOVEN', 'SIERPES 78', 'SEVILLA', '953452567', 'ASUNCIÓN SALADO', NULL),
('CT22', 'BAZAR EL BARAT', 'DIAGONAL 56', 'BARCELONA', '936692866', 'ELISA DAPENA', NULL),
('CT23', 'EL PALACIO DE LA MODA', 'ORTEGA Y GASSET 129', 'MADRID', '927785235', 'LAURA CARRASCO', NULL),
('CT24', 'SÁEZ Y CÍA', 'INFANTA MERCEDS 23', 'SEVILLA', '954869234', 'MANUEL GUERRA', NULL),
('CT25', 'DEPORTES EL MADRILEÑO', 'CASTILLA 345', 'ZARAGOZA', '976388934', 'CARLOS GONZÁLEZ', NULL),
('CT26', 'FERRETERÍA LA ESCOBA', 'ORENSE 7', 'MADRID', '918459346', 'JOSÉ GARCÍA', NULL),
('CT27', 'JUGUETES EL BARATO', 'VÍA AUGUSTA 245', 'BARCELONA', '933486984', 'ELVIRA IGLESIAS', NULL),
('CT28', 'CONFECCIONES HERMINIA', 'CORRIDA 345', 'GIJÓN', '985597315', 'ABEL GONZÁLEZ', NULL),
('CT30', 'BAZAR EL ARGENTINO', 'ATOCHA 55', 'MADRID', '912495973', 'ADRIÁN ÁLVAREZ', NULL),
('CT31', 'LA TIENDA ELEGANTE', 'EL COMENDADOR 67', 'ZARAGOZA', '975694035', 'JOSÉ PASCUAL', NULL),
('CT32', 'DEPORTES NAUTICOS GARCÍA', 'JUAN FERNÁNDEZ 89', 'ÁVILA', '920268648', 'JUAN CONRADO', NULL),
('CT33', 'CONFECCIONES RUIZ', 'LLOBREGAT 345', 'BARCELONA', '934587615', 'CARLOS SANZ', NULL),
('CT34', 'BAZAR LA FARAONA', 'CASTILLA Y LEÓN 34', 'MADRID', '915483627', 'ANGEL SANTAMARÍA', NULL),
('CT35', 'FERRETERÍA EL MARTILLO', 'CASTELLANOS 205', 'SALAMANCA', '923548965', 'JOAQUÍN FERNANDEZ', NULL),
('CT36', 'JUGUETES EDUCATIVOS SANZ', 'ORENSE 89', 'MADRID', '916872354', 'PEDRO IGLESIAS', NULL),
('CT37', 'ALMACENES FERNANDEZ', 'ANTÓN 67', 'TERUEL', '978564025', 'MARIA ARDANZA', NULL),
('CT38', 'CONFECCIONES MÓNICA', 'MOTORES 67', 'BARCELONA', '935681245', 'PEDRO SERRANO', NULL),
('CT39', 'FERRETERÍA LIMA', 'VALLECAS 45', 'MADRID', '913532785', 'LUIS GARCÍA', NULL),
('CT40', 'DEPORTES EL BRASILEÑO', 'ABEL MARTÍNEZ 67', 'SALAMANCA', '921548762', 'CARLOS GÓMEZ', NULL);

-- --------------------------------------------------------

--
-- Estructura de tabla para la tabla `pedidos`
--

DROP TABLE IF EXISTS `pedidos`;
CREATE TABLE `pedidos` (
  `numeroPedido` int(16) NOT NULL,
  `codigoCliente` varchar(14) DEFAULT NULL,
  `fechaPedido` date DEFAULT NULL,
  `formaPago` varchar(13) DEFAULT NULL,
  `descuento` decimal(10,4) DEFAULT NULL,
  `enviado` varchar(9) DEFAULT NULL
) ENGINE=InnoDB DEFAULT CHARSET=utf8;

--
-- Volcado de datos para la tabla `pedidos`
--

INSERT INTO `pedidos` (`numeroPedido`, `codigoCliente`, `fechaPedido`, `formaPago`, `descuento`, `enviado`) VALUES
(1, 'CT01', '2000-03-11', 'CONTADO', '0.0200', 'VERDADERO'),
(3, 'CT23', '2000-03-18', 'APLAZADO', '0.0600', 'FALSO'),
(5, 'CT25', '2000-03-31', 'CONTADO', '0.0900', 'FALSO'),
(7, 'CT12', '2000-04-12', 'CONTADO', '0.0700', 'FALSO'),
(8, 'CT01', '2000-04-15', 'TARJETA', '0.0200', 'VERDADERO'),
(9, 'CT21', '2000-04-21', 'CONTADO', '0.0400', 'FALSO'),
(11, 'CT04', '2001-05-01', 'CONTADO', '0.0800', 'VERDADERO'),
(12, 'CT06', '2001-05-19', 'CONTADO', '0.0900', 'VERDADERO'),
(13, 'CT13', '2000-04-30', 'APLAZADO', '0.0300', 'FALSO'),
(16, 'CT25', '2001-05-11', 'CONTADO', '0.1200', 'FALSO'),
(19, 'CT10', '2002-05-22', 'CONTADO', '0.0700', 'VERDADERO'),
(21, 'CT16', '2001-05-28', 'CONTADO', '0.0300', 'FALSO'),
(22, 'CT07', '2000-05-31', 'TARJETA', '0.0500', 'VERDADERO'),
(25, 'CT18', '2000-06-02', 'CONTADO', '0.0600', 'FALSO'),
(26, 'CT09', '2001-06-04', 'APLAZADO', '0.0700', 'VERDADERO'),
(27, 'CT34', '2000-06-06', 'CONTADO', '0.0400', 'FALSO'),
(28, 'CT28', '2000-06-08', 'APLAZADO', '0.0800', 'FALSO'),
(29, 'CT30', '2001-04-02', 'TARJETA', '0.0600', 'FALSO'),
(30, 'CT02', '2000-08-15', 'CONTADO', '0.0600', 'VERDADERO'),
(31, 'CT30', '2000-06-08', 'TARJETA', '0.0500', 'VERDADERO'),
(32, 'CT14', '2001-06-20', 'APLAZADO', '0.0600', 'FALSO'),
(34, 'CT26', '2002-06-23', 'TARJETA', '0.0500', 'FALSO'),
(35, 'CT26', '2001-06-30', 'CONTADO', '0.0600', 'FALSO'),
(37, 'CT24', '2001-07-02', 'TARJETA', '0.0300', 'VERDADERO'),
(39, 'CT20', '2001-07-08', 'TARJETA', '0.0600', 'VERDADERO'),
(40, 'CT04', '2002-07-12', 'CONTADO', '0.1200', 'FALSO'),
(42, 'CT34', '2002-07-15', 'APLAZADO', '0.0700', 'VERDADERO'),
(43, 'CT09', '2001-07-18', 'CONTADO', '0.0700', 'FALSO'),
(44, 'CT34', '2002-07-20', 'APLAZADO', '0.0400', 'FALSO'),
(45, 'CT30', '2002-07-22', 'TARJETA', '0.0700', 'FALSO'),
(46, 'CT31', '2002-07-25', 'CONTADO', '0.0600', 'FALSO'),
(47, 'CT34', '2000-07-31', 'APLAZADO', '0.0800', 'FALSO'),
(48, 'CT18', '2002-08-30', 'CONTADO', '0.0300', 'FALSO'),
(49, 'CT28', '2002-09-02', 'CONTADO', '0.0300', 'FALSO'),
(50, 'CT09', '2002-09-05', 'APLAZADO', '0.0800', 'FALSO'),
(51, 'CT09', '2002-09-05', 'CONTADO', '0.0500', 'VERDADERO'),
(63, 'CT28', '2000-09-10', 'CONTADO', '0.0900', 'FALSO'),
(72, 'CT01', '2002-08-18', 'CONTADO', '0.0500', 'VERDADERO'),
(73, 'CT01', '2001-08-02', 'CONTADO', '0.0700', 'FALSO'),
(74, 'CT01', '2002-09-17', 'APLAZADO', '0.0800', 'FALSO'),
(75, 'CT01', '2002-09-30', 'TARJETA', '0.1200', 'FALSO'),
(76, 'CT01', '2002-10-19', 'CONTADO', '0.0400', 'VERDADERO'),
(77, 'CT01', '2000-10-28', 'CONTADO', '0.0500', 'FALSO'),
(79, 'CT34', '2000-12-12', 'CONTADO', '0.0500', 'FALSO'),
(85, 'CT04', '2002-12-23', 'TARJETA', '0.0400', 'FALSO'),
(86, 'CT09', '2001-12-24', 'APLAZADO', '0.0300', 'FALSO'),
(98, 'CT01', '2001-12-27', 'CONTADO', '0.0800', 'VERDADERO'),
(102, 'CT06', '2001-01-12', 'CONTADO', '0.0700', 'VERDADERO'),
(103, 'CT02', '2001-01-24', 'CONTADO', '0.0400', 'FALSO'),
(105, 'CT30', '2001-01-01', 'APLAZADO', '0.0900', 'FALSO'),
(5005, 'CT30', '2002-08-10', 'TARJETA', '0.0000', 'VERDADERO'),
(5050, 'CT30', '2002-03-27', 'TARJETA', '0.0000', 'VERDADERO');

-- --------------------------------------------------------

--
-- Estructura de tabla para la tabla `productos`
--

DROP TABLE IF EXISTS `productos`;
CREATE TABLE `productos` (
  `codigoArticulo` varchar(14) NOT NULL,
  `seccion` varchar(10) DEFAULT NULL,
  `nombreArticulo` varchar(19) DEFAULT NULL,
  `precio` decimal(10,4) DEFAULT NULL,
  `fecha` date DEFAULT NULL,
  `importado` varchar(9) DEFAULT NULL,
  `paisOrigen` varchar(12) DEFAULT NULL,
  `foto` varchar(4) DEFAULT NULL
) ENGINE=InnoDB DEFAULT CHARSET=utf8;

--
-- Volcado de datos para la tabla `productos`
--

INSERT INTO `productos` (`codigoArticulo`, `seccion`, `nombreArticulo`, `precio`, `fecha`, `importado`, `paisOrigen`, `foto`) VALUES
('AR01', 'FERRETERÍA', 'DESTORNILLADOR', '6.6280', '2000-10-22', 'FALSO', 'ESPAÑA', NULL),
('AR02', 'CONFECCIÓN', 'TRAJE CABALLERO', '284.5769', '2002-03-11', 'VERDADERO', 'ITALIA', NULL),
('AR03', 'JUGUETERÍA', 'COCHE TELEDIRIGIDO', '159.4462', '2002-05-26', 'VERDADERO', 'MARRUECOS', NULL),
('AR04', 'DEPORTES', 'RAQUETA TENIS', '93.4694', '2000-03-20', 'VERDADERO', 'USA', NULL),
('AR06', 'DEPORTES', 'MANCUERNAS', '60.0000', '2000-09-13', 'VERDADERO', 'USA', NULL),
('AR07', 'CONFECCIÓN', 'SERRUCHO', '30.2045', '2001-03-23', 'VERDADERO', 'FRANCIA', NULL),
('AR08', 'JUGUETERÍA', 'CORREPASILLOS', '103.3356', '2000-04-11', 'VERDADERO', 'JAPÓN', NULL),
('AR09', 'CONFECCIÓN', 'PANTALÓN SEÑORA', '174.2310', '2000-01-10', 'VERDADERO', 'MARRUECOS', NULL),
('AR10', 'JUGUETERÍA', 'CONSOLA VIDEO', '442.5444', '2002-09-24', 'VERDADERO', 'USA', NULL),
('AR11', 'CERÁMICA', 'TUBOS', '168.4253', '2000-02-04', 'VERDADERO', 'CHINA', NULL),
('AR12', 'FERRETERÍA', 'LLAVE INGLESA', '24.3986', '2001-05-23', 'VERDADERO', 'USA', NULL),
('AR13', 'CONFECCIÓN', 'CAMISA CABALLERO', '67.1306', '2002-08-11', 'FALSO', 'ESPAÑA', NULL),
('AR14', 'JUGUETERÍA', 'TREN ELÉCTRICO', '1505.3766', '2001-07-03', 'VERDADERO', 'JAPÓN', NULL),
('AR15', 'CERÁMICA', 'PLATO DECORATIVO', '54.0911', '2000-06-07', 'VERDADERO', 'CHINA', NULL),
('AR16', 'FERRETERÍA', 'ALICATES', '6.7362', '2000-04-17', 'VERDADERO', 'ITALIA', NULL),
('AR17', 'JUGUETERÍA', 'MUÑECA ANDADORA', '105.0593', '2001-01-04', 'FALSO', 'ESPAÑA', NULL),
('AR18', 'DEPORTES', 'PISTOLA OLÍMPICA', '46.7347', '2001-02-02', 'VERDADERO', 'SUECIA', NULL),
('AR19', 'CONFECCIÓN', 'BLUSA SRA.', '101.0566', '2000-03-18', 'VERDADERO', 'CHINA', NULL),
('AR20', 'CERÁMICA', 'JUEGO DE TE', '43.2728', '2001-01-15', 'VERDADERO', 'CHINA', NULL),
('AR21', 'CERÁMICA', 'CENICERO', '19.7468', '2001-07-02', 'VERDADERO', 'JAPÓN', NULL),
('AR22', 'FERRETERÍA', 'MARTILLO', '11.3952', '2001-09-04', 'FALSO', 'ESPAÑA', NULL),
('AR23', 'CONFECCIÓN', 'CAZADORA PIEL', '522.6930', '2001-07-10', 'VERDADERO', 'ITALIA', NULL),
('AR24', 'DEPORTES', 'BALÓN RUGBY', '111.6440', '2000-11-11', 'VERDADERO', 'USA', NULL),
('AR25', 'DEPORTES', 'BALÓN BALONCESTO', '75.2731', '2001-06-25', 'VERDADERO', 'JAPÓN', NULL),
('AR26', 'JUGUETERÍA', 'FUERTE DE SOLDADOS', '143.7020', '2000-11-25', 'VERDADERO', 'JAPÓN', NULL),
('AR27', 'CONFECCIÓN', 'ABRIGO CABALLERO', '500000.0000', '2002-04-05', 'VERDADERO', 'ITALIA', NULL),
('AR28', 'DEPORTES', 'BALÓN FÚTBOL', '43.9147', '2002-07-04', 'FALSO', 'ESPAÑA', NULL),
('AR29', 'CONFECCIÓN', 'ABRIGO SRA', '360.0736', '2001-05-03', 'VERDADERO', 'MARRUECOS', NULL),
('AR30', 'FERRETERÍA', 'DESTORNILLADOR', '9.0584', '2002-02-20', 'VERDADERO', 'FRANCIA', NULL),
('AR31', 'JUGUETERÍA', 'PISTOLA CON SONIDOS', '57.2500', '2001-04-15', 'FALSO', 'ESPAÑA', NULL),
('AR32', 'DEPORTES', 'CRONÓMETRO', '439.1764', '2002-01-03', 'VERDADERO', 'USA', NULL),
('AR33', 'CERÁMICA', 'MACETA', '29.0434', '2000-02-23', 'FALSO', 'ESPAÑA', NULL),
('AR34', 'OFICINA', 'PIE DE LÁMPARA', '39.7606', '2001-05-27', 'VERDADERO', 'TURQUÍA', NULL),
('AR35', 'FERRETERÍA', 'LIMA GRANDE', '22.0692', '2002-08-10', 'FALSO', 'ESPAÑA', NULL),
('AR36', 'FERRETERÍA', 'JUEGO DE BROCAS', '15.0950', '2002-07-04', 'VERDADERO', 'TAIWÁN', NULL),
('AR37', 'CONFECCIÓN', 'CINTURÓN DE PIEL', '4.3273', '2002-05-12', 'FALSO', 'ESPAÑA', NULL),
('AR38', 'DEPORTES', 'CAÑA DE PESCA', '270.0000', '2000-02-14', 'VERDADERO', 'USA', NULL),
('AR39', 'CERÁMICA', 'JARRA CHINA', '127.7704', '2002-09-02', 'VERDADERO', 'CHINA', NULL),
('AR40', 'DEPORTES', 'BOTA ALPINISMO', '144.0000', '2002-05-05', 'FALSO', 'ESPAÑA', NULL),
('AR41', 'DEPORTES', 'PALAS DE PING PONG', '21.6000', '2002-02-02', 'FALSO', 'ESPAÑA', NULL);

-- --------------------------------------------------------

--
-- Estructura de tabla para la tabla `productosnuevos`
--

DROP TABLE IF EXISTS `productosnuevos`;
CREATE TABLE `productosnuevos` (
  `codigoArticulo` varchar(14) NOT NULL,
  `seccion` varchar(18) DEFAULT NULL,
  `nombreArticulo` varchar(18) DEFAULT NULL,
  `precio` decimal(10,4) DEFAULT NULL,
  `fecha` date DEFAULT NULL,
  `importado` varchar(9) DEFAULT NULL,
  `paisOrigen` varchar(12) DEFAULT NULL,
  `foto` varchar(4) DEFAULT NULL
) ENGINE=InnoDB DEFAULT CHARSET=utf8;

--
-- Volcado de datos para la tabla `productosnuevos`
--

INSERT INTO `productosnuevos` (`codigoArticulo`, `seccion`, `nombreArticulo`, `precio`, `fecha`, `importado`, `paisOrigen`, `foto`) VALUES
('AR06', 'DEPORTES', 'MANCUERNAS', '60.0000', '2000-09-13', 'VERDADERO', 'USA', NULL),
('AR50', 'ALTA COSTURA', 'TRAJE CABALLERO', '1284.5800', '2002-03-11', 'VERDADERO', 'ITALIA', NULL),
('AR51', 'DEPORTES DE RIESGO', 'RAQUETA TENIS', '1093.4700', '2000-03-20', 'VERDADERO', 'USA', NULL),
('AR52', 'DEPORTES DE RIESGO', 'MANCUERNAS', '1060.0000', '2000-09-13', 'VERDADERO', 'USA', NULL),
('AR53', 'ALTA COSTURA', 'SERRUCHO', '1030.2000', '2001-03-23', 'VERDADERO', 'FRANCIA', NULL),
('AR54', 'ALTA COSTURA', 'PANTALÓN SEÑORA', '1174.2300', '2000-01-10', 'VERDADERO', 'MARRUECOS', NULL),
('AR55', 'ALTA COSTURA', 'CAMISA CABALLERO', '1067.1300', '2002-08-11', 'FALSO', 'ESPAÑA', NULL),
('AR56', 'DEPORTES DE RIESGO', 'PISTOLA OLÍMPICA', '1046.7300', '2001-02-02', 'VERDADERO', 'SUECIA', NULL),
('AR57', 'ALTA COSTURA', 'BLUSA SRA.', '1101.0600', '2000-03-18', 'VERDADERO', 'CHINA', NULL),
('AR58', 'ALTA COSTURA', 'CAZADORA PIEL', '1522.6900', '2001-07-10', 'VERDADERO', 'ITALIA', NULL),
('AR59', 'DEPORTES DE RIESGO', 'BALÓN RUGBY', '1111.6400', '2000-11-11', 'VERDADERO', 'USA', NULL),
('AR60', 'DEPORTES DE RIESGO', 'BALÓN BALONCESTO', '1075.2700', '2001-06-25', 'VERDADERO', 'JAPÓN', NULL),
('AR61', 'ALTA COSTURA', 'ABRIGO CABALLERO', '1500.0000', '2002-04-05', 'VERDADERO', 'ITALIA', NULL),
('AR62', 'DEPORTES DE RIESGO', 'BALÓN FÚTBOL', '1043.9100', '2002-07-04', 'FALSO', 'ESPAÑA', NULL),
('AR63', 'ALTA COSTURA', 'ABRIGO SRA', '1360.0700', '2001-05-03', 'VERDADERO', 'MARRUECOS', NULL),
('AR64', 'DEPORTES DE RIESGO', 'CRONÓMETRO', '1439.1800', '2002-01-03', 'VERDADERO', 'USA', NULL),
('AR65', 'ALTA COSTURA', 'CINTURÓN DE PIEL', '1004.3300', '2002-05-12', 'FALSO', 'ESPAÑA', NULL),
('AR66', 'DEPORTES DE RIESGO', 'CAÑA DE PESCA', '1270.0000', '2000-02-14', 'VERDADERO', 'USA', NULL),
('AR67', 'DEPORTES DE RIESGO', 'BOTA ALPINISMO', '1144.0000', '2002-05-05', 'FALSO', 'ESPAÑA', NULL),
('AR68', 'DEPORTES DE RIESGO', 'PALAS DE PING PONG', '1021.6000', '2002-02-02', 'FALSO', 'ESPAÑA', NULL);

-- --------------------------------------------------------

--
-- Estructura de tabla para la tabla `productospedidos`
--

DROP TABLE IF EXISTS `productospedidos`;
CREATE TABLE `productospedidos` (
  `numeroPedido` int(2) NOT NULL,
  `codigoArticulo` varchar(14) NOT NULL,
  `unidades` int(2) DEFAULT NULL
) ENGINE=InnoDB DEFAULT CHARSET=utf8 ROW_FORMAT=COMPACT;

--
-- Volcado de datos para la tabla `productospedidos`
--

INSERT INTO `productospedidos` (`numeroPedido`, `codigoArticulo`, `unidades`) VALUES
(1, 'AR01', 11),
(1, 'AR04', 10),
(1, 'AR15', 4),
(1, 'AR22', 18),
(3, 'AR02', 20),
(3, 'AR22', 3),
(5, 'AR04', 16),
(7, 'AR06', 16),
(8, 'AR02', 6),
(8, 'AR06', 5),
(8, 'AR07', 6),
(8, 'AR10', 2),
(8, 'AR12', 30),
(8, 'AR15', 15),
(8, 'AR18', 20),
(8, 'AR19', 18),
(8, 'AR25', 5),
(8, 'AR32', 15),
(8, 'AR33', 18),
(8, 'AR34', 5),
(8, 'AR35', 24),
(9, 'AR06', 14),
(11, 'AR08', 1),
(12, 'AR08', 12),
(13, 'AR08', 8),
(16, 'AR10', 17),
(19, 'AR13', 4),
(21, 'AR15', 11),
(22, 'AR17', 6),
(22, 'AR26', 4),
(22, 'AR28', 21),
(25, 'AR19', 12),
(26, 'AR19', 12),
(27, 'AR21', 11),
(28, 'AR21', 22),
(29, 'AR22', 12),
(30, 'AR23', 33),
(31, 'AR24', 31),
(32, 'AR25', 11),
(34, 'AR22', 7),
(34, 'AR27', 3),
(35, 'AR22', 9),
(35, 'AR27', 12),
(37, 'AR27', 11),
(39, 'AR29', 22),
(40, 'AR30', 1),
(42, 'AR31', 21),
(43, 'AR32', 3),
(44, 'AR22', 22),
(45, 'AR36', 21),
(46, 'AR37', 8),
(47, 'AR38', 12),
(48, 'AR38', 13),
(49, 'AR39', 13),
(50, 'AR39', 1);

--
-- Índices para tablas volcadas
--

--
-- Indices de la tabla `clientes`
--
ALTER TABLE `clientes`
  ADD PRIMARY KEY (`codigoCliente`);

--
-- Indices de la tabla `pedidos`
--
ALTER TABLE `pedidos`
  ADD PRIMARY KEY (`numeroPedido`);

--
-- Indices de la tabla `productos`
--
ALTER TABLE `productos`
  ADD PRIMARY KEY (`codigoArticulo`);

--
-- Indices de la tabla `productosnuevos`
--
ALTER TABLE `productosnuevos`
  ADD PRIMARY KEY (`codigoArticulo`);

--
-- Indices de la tabla `productospedidos`
--
ALTER TABLE `productospedidos`
  ADD PRIMARY KEY (`numeroPedido`,`codigoArticulo`);

/*!40101 SET CHARACTER_SET_CLIENT=@OLD_CHARACTER_SET_CLIENT */;
/*!40101 SET CHARACTER_SET_RESULTS=@OLD_CHARACTER_SET_RESULTS */;
/*!40101 SET COLLATION_CONNECTION=@OLD_COLLATION_CONNECTION */;
